{
  "packages": [
    {
      "name": "SparkFun",
      "maintainer": "SparkFun Electronics",
      "websiteUrl": "https://github.com/sparkfun/Arduino_Boards",
      "Url": "https://raw.githubusercontent.com/sparkfun/Arduino_Boards/main/IDE_Board_Manager/package_sparkfun_index.json",
      "email": "elias.santistevan@sparkfun.com",
      "platforms": [
        {
          "name": "Flight Sim MFD - SparkFun AVR Boards",
          "architecture": "avr",
          "version": "1.1.13",
          "deprecated": false,
          "category": "Contributed",
          "url": "https://github.com/sparkfun/Arduino_Boards/raw/main/IDE_Board_Manager/sparkfunboards.1.1.13.tar.bz2",
          "archiveFileName": "sparkfunboards.1.1.13.tar.bz2",
          "checksum": "SHA-256:D7AF391CAFC5E16830CAC7C13484EF62765DD7A36AABA5F25020CE3C39617115",
          "size": "1257480",
          "boards": [
            {
              "name": "RedBoard"
            },
            {
              "name": "MaKey MaKey"
            },
            {
              "name": "Pro Micro"
            },
            {
              "name": "Fio v3"
            },
            {
              "name": "Qduino Mini"
            },
            {
              "name": "Digital Sandbox"
            },
            {
              "name": "Mega Pro"
            },
            {
              "name": "RedBot"
            },
            {
              "name": "Serial 7-segment Display"
            },
            {
              "name": "ATmega128RFA1 Dev Board"
            },
            {
              "name": "LilyPad USB Plus"
            },
            {
              "name": "SerLCD"
            }
          ],
          "help": {
            "online": "https://forums.sparkfun.com"
          },
          "toolsDependencies": [],
          "discoveryDependencies": [],
          "monitorDependencies": []
        }
      ],
      "tools": [
        {
          "name": "STM32Tools",
          "version": "1.4.0",
          "systems": [
            {
              "host": "i686-mingw32",
              "url": "https://github.com/stm32duino/Arduino_Tools/releases/download/1.4.0/STM32Tools-1.4.0-windows.tar.bz2",
              "archiveFileName": "STM32Tools-1.4.0-windows.tar.bz2",
              "size": "2818862",
              "checksum": "SHA-256:9d0e5401c28f83de6b9e5c1d3dd08c71f89ed574113af8a0b78c3e677653be07"
            },
            {
              "host": "x86_64-apple-darwin",
              "url": "https://github.com/stm32duino/Arduino_Tools/releases/download/1.4.0/STM32Tools-1.4.0-mac.tar.bz2",
              "archiveFileName": "STM32Tools-1.4.0-mac.tar.bz2",
              "size": "757807",
              "checksum": "SHA-256:861ab52fbfd6aa02e9efbd4f568bc536c6669975675660417b4c2e719fe15304"
            },
            {
              "host": "x86_64-pc-linux-gnu",
              "url": "https://github.com/stm32duino/Arduino_Tools/releases/download/1.4.0/STM32Tools-1.4.0-linux.tar.bz2",
              "archiveFileName": "STM32Tools-1.4.0-linux.tar.bz2",
              "size": "755585",
              "checksum": "SHA-256:03ce112090a39ea5176b4401ec06208b8d8cccb4eb705c8f03c5aa74f3c99918"
            },
            {
              "host": "i686-pc-linux-gnu",
              "url": "https://github.com/stm32duino/Arduino_Tools/releases/download/1.4.0/STM32Tools-1.4.0-linux.tar.bz2",
              "archiveFileName": "STM32Tools-1.4.0-linux.tar.bz2",
              "size": "755585",
              "checksum": "SHA-256:03ce112090a39ea5176b4401ec06208b8d8cccb4eb705c8f03c5aa74f3c99918"
            }
          ]
        },
        {
          "name": "STM32Tools",
          "version": "2.0.0",
          "systems": [
            {
              "host": "i686-mingw32",
              "url": "https://github.com/stm32duino/Arduino_Tools/releases/download/2.0.0/STM32Tools-2.0.0-windows.tar.bz2",
              "archiveFileName": "STM32Tools-2.0.0-windows.tar.bz2",
              "size": "2486087",
              "checksum": "SHA-256:6316ffd1667344952bc5e16ff60783f9b4211d1eb54fc0d0c28e836b1490b717"
            },
            {
              "host": "x86_64-apple-darwin",
              "url": "https://github.com/stm32duino/Arduino_Tools/releases/download/2.0.0/STM32Tools-2.0.0-mac.tar.bz2",
              "archiveFileName": "STM32Tools-2.0.0-mac.tar.bz2",
              "size": "486398",
              "checksum": "SHA-256:2612be87206d2ba6f7cf797c194dbc070139defc884b881c1957a8d148c2114c"
            },
            {
              "host": "x86_64-pc-linux-gnu",
              "url": "https://github.com/stm32duino/Arduino_Tools/releases/download/2.0.0/STM32Tools-2.0.0-linux.tar.bz2",
              "archiveFileName": "STM32Tools-2.0.0-linux.tar.bz2",
              "size": "479795",
              "checksum": "SHA-256:850186554df1d56f5f5336d6310551b734b2ff97c92677ca0ece11f134b72d0f"
            },
            {
              "host": "i686-pc-linux-gnu",
              "url": "https://github.com/stm32duino/Arduino_Tools/releases/download/2.0.0/STM32Tools-2.0.0-linux.tar.bz2",
              "archiveFileName": "STM32Tools-2.0.0-linux.tar.bz2",
              "size": "479795",
              "checksum": "SHA-256:850186554df1d56f5f5336d6310551b734b2ff97c92677ca0ece11f134b72d0f"
            }
          ]
        },
        {
          "name": "xpack-arm-none-eabi-gcc",
          "version": "9.2.1-1.1",
          "systems": [
            {
              "host": "i686-mingw32",
              "url": "https://github.com/xpack-dev-tools/arm-none-eabi-gcc-xpack/releases/download/v9.2.1-1.1/xpack-arm-none-eabi-gcc-9.2.1-1.1-win32-x32.zip",
              "archiveFileName": "xpack-arm-none-eabi-gcc-9.2.1-1.1-win32-x32.zip",
              "size": "128697954",
              "checksum": "SHA-256:d13aaff4caae6e5f1b871d50accc1759c4f5750574dbd4d6f6e3017c33f39dc6"
            },
            {
              "host": "x86_64-apple-darwin",
              "url": "https://github.com/xpack-dev-tools/arm-none-eabi-gcc-xpack/releases/download/v9.2.1-1.1/xpack-arm-none-eabi-gcc-9.2.1-1.1-darwin-x64.tar.gz",
              "archiveFileName": "xpack-arm-none-eabi-gcc-9.2.1-1.1-darwin-x64.tar.gz",
              "size": "132371371",
              "checksum": "SHA-256:6ff68117083624273c56244cf4242989a65069b376a9727ec4a230be824340f3"
            },
            {
              "host": "x86_64-pc-linux-gnu",
              "url": "https://github.com/xpack-dev-tools/arm-none-eabi-gcc-xpack/releases/download/v9.2.1-1.1/xpack-arm-none-eabi-gcc-9.2.1-1.1-linux-x64.tar.gz",
              "archiveFileName": "xpack-arm-none-eabi-gcc-9.2.1-1.1-linux-x64.tar.gz",
              "size": "135081450",
              "checksum": "SHA-256:bbde117b97f229dfe63721c0323c3da6839e83cf302c8f4ff25e0f36ecf7a428"
            },
            {
              "host": "i686-pc-linux-gnu",
              "url": "https://github.com/xpack-dev-tools/arm-none-eabi-gcc-xpack/releases/download/v9.2.1-1.1/xpack-arm-none-eabi-gcc-9.2.1-1.1-linux-x32.tar.gz",
              "archiveFileName": "xpack-arm-none-eabi-gcc-9.2.1-1.1-linux-x32.tar.gz",
              "size": "137429272",
              "checksum": "SHA-256:e9f4b5f3ebe7e4391e2423e4106493d7cfcdee9eee4a1f0766f1c23662093a49"
            }
          ]
        },
        {
          "name": "xpack-arm-none-eabi-gcc",
          "version": "9.3.1-1.3",
          "systems": [
            {
              "host": "arm-linux-gnueabihf",
              "url": "https://github.com/xpack-dev-tools/arm-none-eabi-gcc-xpack/releases/download/v9.3.1-1.3/xpack-arm-none-eabi-gcc-9.3.1-1.3-linux-arm.tar.gz",
              "archiveFileName": "xpack-arm-none-eabi-gcc-9.3.1-1.3-linux-arm.tar.gz",
              "size": "147111321",
              "checksum": "SHA-256:0e6720296f291141cd757d90e6bf60867a1232de9abc52b0cde28af12eeb94f2"
            },
            {
              "host": "aarch64-linux-gnu",
              "url": "https://github.com/xpack-dev-tools/arm-none-eabi-gcc-xpack/releases/download/v9.3.1-1.3/xpack-arm-none-eabi-gcc-9.3.1-1.3-linux-arm64.tar.gz",
              "archiveFileName": "xpack-arm-none-eabi-gcc-9.3.1-1.3-linux-arm64.tar.gz",
              "size": "150584175",
              "checksum": "SHA-256:9a9e96b9ac3634d7632d35aa0d8138f8468d4f3f4d752374a95420ff7c8e4476"
            },
            {
              "host": "i686-mingw32",
              "url": "https://github.com/xpack-dev-tools/arm-none-eabi-gcc-xpack/releases/download/v9.3.1-1.3/xpack-arm-none-eabi-gcc-9.3.1-1.3-win32-x32.zip",
              "archiveFileName": "xpack-arm-none-eabi-gcc-9.3.1-1.3-win32-x32.zip",
              "size": "148593506",
              "checksum": "SHA-256:7432cfff045dc421d2ba177c3777ec1e82d4febe5f5f51fb2e90ff07d27cd466"
            },
            {
              "host": "x86_64-apple-darwin",
              "url": "https://github.com/xpack-dev-tools/arm-none-eabi-gcc-xpack/releases/download/v9.3.1-1.3/xpack-arm-none-eabi-gcc-9.3.1-1.3-darwin-x64.tar.gz",
              "archiveFileName": "xpack-arm-none-eabi-gcc-9.3.1-1.3-darwin-x64.tar.gz",
              "size": "148641073",
              "checksum": "SHA-256:f22f0d49c27f844dcfe629a6a33878d767b6945acd7508d9578b20b17b106f4c"
            },
            {
              "host": "x86_64-pc-linux-gnu",
              "url": "https://github.com/xpack-dev-tools/arm-none-eabi-gcc-xpack/releases/download/v9.3.1-1.3/xpack-arm-none-eabi-gcc-9.3.1-1.3-linux-x64.tar.gz",
              "archiveFileName": "xpack-arm-none-eabi-gcc-9.3.1-1.3-linux-x64.tar.gz",
              "size": "151422620",
              "checksum": "SHA-256:9045d261b000d921887fc801427542eed2df1616f63a2969a2640f8be2593686"
            },
            {
              "host": "i686-pc-linux-gnu",
              "url": "https://github.com/xpack-dev-tools/arm-none-eabi-gcc-xpack/releases/download/v9.3.1-1.3/xpack-arm-none-eabi-gcc-9.3.1-1.3-linux-x32.tar.gz",
              "archiveFileName": "xpack-arm-none-eabi-gcc-9.3.1-1.3-linux-x32.tar.gz",
              "size": "154309058",
              "checksum": "SHA-256:1950c7b0b4e35bacec32450158ec192ac469189a5fb27c2fd7c01e9603e50e64"
            }
          ]
        },
        {
          "name": "xtensa-lx106-elf-gcc",
          "version": "1.20.0-26-gb404fb9-2",
          "systems": [
            {
              "host": "i686-mingw32",
              "url": "https://github.com/esp8266/Arduino/releases/download/2.3.0/win32-xtensa-lx106-elf-gb404fb9-2.tar.gz",
              "archiveFileName": "win32-xtensa-lx106-elf-gb404fb9-2.tar.gz",
              "size": "153527527",
              "checksum": "SHA-256:10476b9c11a7a90f40883413ddfb409f505b20692e316c4e597c4c175b4be09c"
            },
            {
              "host": "x86_64-apple-darwin",
              "url": "https://github.com/esp8266/Arduino/releases/download/2.3.0/osx-xtensa-lx106-elf-gb404fb9-2.tar.gz",
              "archiveFileName": "osx-xtensa-lx106-elf-gb404fb9-2.tar.gz",
              "size": "35385382",
              "checksum": "SHA-256:0cf150193997bd1355e0f49d3d49711730035257bc1aee1eaaad619e56b9e4e6"
            },
            {
              "host": "i386-apple-darwin",
              "url": "https://github.com/esp8266/Arduino/releases/download/2.3.0/osx-xtensa-lx106-elf-gb404fb9-2.tar.gz",
              "archiveFileName": "osx-xtensa-lx106-elf-gb404fb9-2.tar.gz",
              "size": "35385382",
              "checksum": "SHA-256:0cf150193997bd1355e0f49d3d49711730035257bc1aee1eaaad619e56b9e4e6"
            },
            {
              "host": "x86_64-pc-linux-gnu",
              "url": "https://github.com/esp8266/Arduino/releases/download/2.3.0/linux64-xtensa-lx106-elf-gb404fb9.tgz",
              "archiveFileName": "linux64-xtensa-lx106-elf-gb404fb9.tar.gz",
              "size": "30262903",
              "checksum": "SHA-256:46f057fbd8b320889a26167daf325038912096d09940b2a95489db92431473b7"
            },
            {
              "host": "i686-pc-linux-gnu",
              "url": "https://github.com/esp8266/Arduino/releases/download/2.3.0/linux32-xtensa-lx106-elf.tar.gz",
              "archiveFileName": "linux32-xtensa-lx106-elf.tar.gz",
              "size": "32734156",
              "checksum": "SHA-256:b24817819f0078fb05895a640e806e0aca9aa96b47b80d2390ac8e2d9ddc955a"
            },
            {
              "host": "arm-linux-gnueabihf",
              "url": "https://github.com/esp8266/Arduino/releases/download/2.3.0/linuxarm-xtensa-lx106-elf-g46f160f-2.tar.gz",
              "archiveFileName": "linuxarm-xtensa-lx106-elf-g46f160f-2.tar.gz",
              "size": "34938475",
              "checksum": "SHA-256:f693946288f2ffa17288ef75ae16fa08573993f2b0a2a5e6bc35a68dc6087443"
            }
          ]
        },
        {
          "name": "xtensa-lx106-elf-gcc",
          "version": "1.20.0-26-gb404fb9",
          "systems": [
            {
              "host": "i686-mingw32",
              "url": "http://arduino.esp8266.com/win32-xtensa-lx106-elf-gb404fb9.tar.gz",
              "archiveFileName": "win32-xtensa-lx106-elf-gb404fb9.tar.gz",
              "size": "153807368",
              "checksum": "SHA-256:1561ec85cc58cab35cc48bfdb0d0087809f89c043112a2c36b54251a13bf781f"
            },
            {
              "host": "x86_64-apple-darwin",
              "url": "http://arduino.esp8266.com/osx-xtensa-lx106-elf-gb404fb9-2.tar.gz",
              "archiveFileName": "osx-xtensa-lx106-elf-gb404fb9-2.tar.gz",
              "size": "35385382",
              "checksum": "SHA-256:0cf150193997bd1355e0f49d3d49711730035257bc1aee1eaaad619e56b9e4e6"
            },
            {
              "host": "i386-apple-darwin",
              "url": "http://arduino.esp8266.com/osx-xtensa-lx106-elf-gb404fb9-2.tar.gz",
              "archiveFileName": "osx-xtensa-lx106-elf-gb404fb9-2.tar.gz",
              "size": "35385382",
              "checksum": "SHA-256:0cf150193997bd1355e0f49d3d49711730035257bc1aee1eaaad619e56b9e4e6"
            },
            {
              "host": "x86_64-pc-linux-gnu",
              "url": "http://arduino.esp8266.com/linux64-xtensa-lx106-elf-gb404fb9.tar.gz",
              "archiveFileName": "linux64-xtensa-lx106-elf-gb404fb9.tar.gz",
              "size": "30262903",
              "checksum": "SHA-256:46f057fbd8b320889a26167daf325038912096d09940b2a95489db92431473b7"
            },
            {
              "host": "i686-pc-linux-gnu",
              "url": "http://arduino.esp8266.com/linux32-xtensa-lx106-elf.tar.gz",
              "archiveFileName": "linux32-xtensa-lx106-elf.tar.gz",
              "size": "32734156",
              "checksum": "SHA-256:b24817819f0078fb05895a640e806e0aca9aa96b47b80d2390ac8e2d9ddc955a"
            }
          ]
        },
        {
          "name": "esptool",
          "version": "0.4.8",
          "systems": [
            {
              "host": "i686-mingw32",
              "url": "https://github.com/igrr/esptool-ck/releases/download/0.4.8/esptool-0.4.8-win32.zip",
              "archiveFileName": "esptool-0.4.8-win32.zip",
              "size": "32192",
              "checksum": "SHA-256:8d09cb0df6234c2a0562389ceedd11482b44a3f538695f9a4df80f9f10411ece"
            },
            {
              "host": "x86_64-apple-darwin",
              "url": "https://github.com/igrr/esptool-ck/releases/download/0.4.8/esptool-0.4.8-osx.tar.gz",
              "archiveFileName": "esptool-0.4.8-osx.tar.gz",
              "size": "28798",
              "checksum": "SHA-256:2bcbf19934543fb06c505b2a595b68a76e4cab8e3d8968a4d1802195c87126cf"
            },
            {
              "host": "i386-apple-darwin",
              "url": "https://github.com/igrr/esptool-ck/releases/download/0.4.8/esptool-0.4.8-osx.tar.gz",
              "archiveFileName": "esptool-0.4.8-osx.tar.gz",
              "size": "28798",
              "checksum": "SHA-256:2bcbf19934543fb06c505b2a595b68a76e4cab8e3d8968a4d1802195c87126cf"
            },
            {
              "host": "x86_64-pc-linux-gnu",
              "url": "https://github.com/igrr/esptool-ck/releases/download/0.4.8/esptool-0.4.8-linux64.tar.gz",
              "archiveFileName": "esptool-0.4.8-linux64.tar.gz",
              "size": "15479",
              "checksum": "SHA-256:1cd9a6014bbbc37ba6dc249f4fc027f0ca9bbc6dd0e203ebc7d146dfd78a6e78"
            },
            {
              "host": "i686-pc-linux-gnu",
              "url": "https://github.com/igrr/esptool-ck/releases/download/0.4.8/esptool-0.4.8-linux32.tar.gz",
              "archiveFileName": "esptool-0.4.8-linux32.tar.gz",
              "size": "15444",
              "checksum": "SHA-256:b0d6e71e6f41d4ed7e167bb4b3f4f0b1b3e49d69af50ab7fbe952cbfed83f164"
            }
          ]
        },
        {
          "name": "esptool",
          "version": "0.4.5",
          "systems": [
            {
              "host": "i686-mingw32",
              "url": "https://github.com/igrr/esptool-ck/releases/download/0.4.5/esptool-0.4.5-win32.zip",
              "archiveFileName": "esptool-0.4.5-win32.zip",
              "size": "17408",
              "checksum": "SHA-256:1b0a7d254e74942d820a09281aa5dc2af1c8314ae5ee1a5abb0653d0580e531b"
            },
            {
              "host": "x86_64-apple-darwin",
              "url": "https://github.com/igrr/esptool-ck/releases/download/0.4.5/esptool-0.4.5-osx.tar.gz",
              "archiveFileName": "esptool-0.4.5-osx.tar.gz",
              "size": "11359",
              "checksum": "SHA-256:924d31c64f4bb9f748e70806dafbabb15e5eb80afcdde33715f3ec884be1652d"
            },
            {
              "host": "i386-apple-darwin",
              "url": "http://arduino.esp8266.com/esptool-0.4.5-1-gfaa5794-osx.tar.gz",
              "archiveFileName": "esptool-0.4.5-1-gfaa5794-osx.tar.gz",
              "size": "20751",
              "checksum": "SHA-256:722142071f6cf4d8c02dea42497a747e06abf583d86137a6a256b7db71dc61f6"
            },
            {
              "host": "x86_64-pc-linux-gnu",
              "url": "https://github.com/igrr/esptool-ck/releases/download/0.4.5/esptool-0.4.5-linux64.tar.gz",
              "archiveFileName": "esptool-0.4.5-linux64.tar.gz",
              "size": "12789",
              "checksum": "SHA-256:4ce799e13fbd89f8a8f08a08db77dc3b1362c4486306fe1b3801dee80cfa3203"
            },
            {
              "host": "i686-pc-linux-gnu",
              "url": "https://github.com/igrr/esptool-ck/releases/download/0.4.5/esptool-0.4.5-linux32.tar.gz",
              "archiveFileName": "esptool-0.4.5-linux32.tar.gz",
              "size": "12055",
              "checksum": "SHA-256:a7a2c3200786d7396e8cafca1b9aefe56db8ec1dab5e9163d4a19358232a7d87"
            }
          ]
        },
        {
          "name": "esptool",
          "version": "0.4.6",
          "systems": [
            {
              "host": "i686-mingw32",
              "url": "https://github.com/igrr/esptool-ck/releases/download/0.4.6/esptool-0.4.6-win32.zip",
              "archiveFileName": "esptool-0.4.6-win32.zip",
              "size": "17481",
              "checksum": "SHA-256:0248bf78514a3195f583e29218ca7828a66e13c6e5545a078f1c1257033e4927"
            },
            {
              "host": "x86_64-apple-darwin",
              "url": "https://github.com/igrr/esptool-ck/releases/download/0.4.6/esptool-0.4.6-osx.tar.gz",
              "archiveFileName": "esptool-0.4.6-osx.tar.gz",
              "size": "20926",
              "checksum": "SHA-256:0fe87ba7e29ee90a9fc72492aada8c0796f9e8f8a1c594b6b26cee2610d09bb3"
            },
            {
              "host": "i386-apple-darwin",
              "url": "https://github.com/igrr/esptool-ck/releases/download/0.4.6/esptool-0.4.6-osx.tar.gz",
              "archiveFileName": "esptool-0.4.6-osx.tar.gz",
              "size": "20926",
              "checksum": "SHA-256:0fe87ba7e29ee90a9fc72492aada8c0796f9e8f8a1c594b6b26cee2610d09bb3"
            },
            {
              "host": "x86_64-pc-linux-gnu",
              "url": "https://github.com/igrr/esptool-ck/releases/download/0.4.6/esptool-0.4.6-linux64.tar.gz",
              "archiveFileName": "esptool-0.4.6-linux64.tar.gz",
              "size": "12885",
              "checksum": "SHA-256:f9f456e9a42bb2597126c513cb8865f923fb978865d4838b9623d322216b74d0"
            },
            {
              "host": "i686-pc-linux-gnu",
              "url": "https://github.com/igrr/esptool-ck/releases/download/0.4.6/esptool-0.4.6-linux32.tar.gz",
              "archiveFileName": "esptool-0.4.6-linux32.tar.gz",
              "size": "13417",
              "checksum": "SHA-256:85275ca03a82bfc456f5a84e86962ca1e470ea2e168829c38ca29ee668831d93"
            }
          ]
        },
        {
          "name": "mkspiffs",
          "version": "0.1.2",
          "systems": [
            {
              "host": "i686-mingw32",
              "url": "https://github.com/igrr/mkspiffs/releases/download/0.1.2/mkspiffs-0.1.2-windows.zip",
              "archiveFileName": "mkspiffs-0.1.2-windows.zip",
              "size": "230802",
              "checksum": "SHA-256:0a29119b8458b61a877408f7995e4944623a712e0d313a2c2f76af9ab55cc9f2"
            },
            {
              "host": "x86_64-apple-darwin",
              "url": "https://github.com/igrr/mkspiffs/releases/download/0.1.2/mkspiffs-0.1.2-osx.tar.gz",
              "archiveFileName": "mkspiffs-0.1.2-osx.tar.gz",
              "size": "115091",
              "checksum": "SHA-256:df656fae21a41c1269ea50cb53752dcaf6a4e1437255f3a9fb50b4025549b58e"
            },
            {
              "host": "i386-apple-darwin",
              "url": "https://github.com/igrr/mkspiffs/releases/download/0.1.2/mkspiffs-0.1.2-osx.tar.gz",
              "archiveFileName": "mkspiffs-0.1.2-osx.tar.gz",
              "size": "115091",
              "checksum": "SHA-256:df656fae21a41c1269ea50cb53752dcaf6a4e1437255f3a9fb50b4025549b58e"
            },
            {
              "host": "x86_64-pc-linux-gnu",
              "url": "https://github.com/igrr/mkspiffs/releases/download/0.1.2/mkspiffs-0.1.2-linux64.tar.gz",
              "archiveFileName": "mkspiffs-0.1.2-linux64.tar.gz",
              "size": "46281",
              "checksum": "SHA-256:1a1dd81b51daf74c382db71b42251757ca4136e8762107e69feaa8617bac315f"
            },
            {
              "host": "i686-pc-linux-gnu",
              "url": "https://github.com/igrr/mkspiffs/releases/download/0.1.2/mkspiffs-0.1.2-linux32.tar.gz",
              "archiveFileName": "mkspiffs-0.1.2-linux32.tar.gz",
              "size": "45272",
              "checksum": "SHA-256:e990d545dfcae308aabaac5fa9e1db734cc2b08167969e7eedac88bd0839667c"
            }
          ]
        },
        {
          "name": "arm-none-eabi-gcc",
          "version": "8-2018-q4-major",
          "systems": [
            {
              "host": "x86_64-apple-darwin",
              "url": "https://static.sparkfun.com/large/gcc-arm-none-eabi-8-2018-q4-major-mac.tar.bz2",
              "archiveFileName": "gcc-arm-none-eabi-8-2018-q4-major-mac.tar.bz2",
              "size": "111430151",
              "checksum": "SHA-256:0b528ed24db9f0fa39e5efdae9bcfc56bf9e07555cb267c70ff3fee84ec98460"
            },
            {
              "host": "i386-apple-darwin11",
              "url": "https://static.sparkfun.com/large/gcc-arm-none-eabi-8-2018-q4-major-mac.tar.bz2",
              "archiveFileName": "gcc-arm-none-eabi-8-2018-q4-major-mac.tar.bz2",
              "size": "111430151",
              "checksum": "SHA-256:0b528ed24db9f0fa39e5efdae9bcfc56bf9e07555cb267c70ff3fee84ec98460"
            },
            {
              "host": "i686-linux-gnu",
              "url": "https://static.sparkfun.com/large/gcc-arm-none-eabi-8-2018-q4-major-linux.tar.bz2",
              "archiveFileName": "gcc-arm-none-eabi-8-2018-q4-major-linux.tar.bz2",
              "size": "107253352",
              "checksum": "SHA-256:fb31fbdfe08406ece43eef5df623c0b2deb8b53e405e2c878300f7a1f303ee52"
            },
            {
              "host": "x86_64-pc-linux-gnu",
              "url": "https://static.sparkfun.com/large/gcc-arm-none-eabi-8-2018-q4-major-linux.tar.bz2",
              "archiveFileName": "gcc-arm-none-eabi-8-2018-q4-major-linux.tar.bz2",
              "size": "107253352",
              "checksum": "SHA-256:fb31fbdfe08406ece43eef5df623c0b2deb8b53e405e2c878300f7a1f303ee52"
            },
            {
              "host": "i686-mingw32",
              "url": "https://static.sparkfun.com/large/gcc-arm-none-eabi-8-2018-q4-major-win32-modified.zip",
              "archiveFileName": "gcc-arm-none-eabi-8-2018-q4-major-win32-modified.zip",
              "size": "135448870",
              "checksum": "SHA-256:98f47ed254ce31942408028c3a4a75ad4ee9fe7f318daecafb8c101bc19a6e23"
            }
          ]
        },
        {
          "name": "bossac",
          "version": "1.4.0",
          "systems": [
            {
              "host": "i686-mingw32",
              "url": "https://github.com/sparkfun/Arduino_Boards/raw/main/sparkfun/samd-tools/bossac/bossac-1.4.0-win.zip",
              "archiveFileName": "bossac-1.4.0-win.zip",
              "size": "314705",
              "checksum": "SHA-256:BCA6503F5DBB1F96693AFD0701A759ECFB3BE5B9FB3F9D901CA17853B224F4EB"
            },
            {
              "host": "x86_64-pc-linux-gnu",
              "url": "https://github.com/sparkfun/Arduino_Boards/raw/main/sparkfun/samd-tools/bossac/bossac-1.4.0-linux64.tar.bz2",
              "archiveFileName": "bossac-1.4.0-linux64.tar.bz2",
              "size": "225696",
              "checksum": "SHA-256:BB8F398BF84C5F31880FE9A2C7AE0174592516CE4821B49744B426AA968ADA10"
            },
            {
              "host": "x86_64-apple-darwin",
              "url": "https://github.com/sparkfun/Arduino_Boards/raw/main/sparkfun/samd-tools/bossac/bossac-1.4.0-osx.tar.bz2",
              "archiveFileName": "bossac-1.4.0-osx.tar.bz2",
              "size": "74461",
              "checksum": "SHA-256:D0F225846D7BC80A74324D783CDB35C42A7F85EAD73CC016C0CC767B0AA5E81C"
            }
          ]
        },
        {
          "name": "CMSIS",
          "version": "5.5.1",
          "systems": [
            {
              "host": "i686-mingw32",
              "url": "https://github.com/stm32duino/ArduinoModule-CMSIS/releases/download/5.5.1/CMSIS-5.5.1.tar.bz2",
              "archiveFileName": "CMSIS-5.5.1.tar.bz2",
              "size": "24351965",
              "checksum": "SHA-256:3dddbd241986fc7a7861a62c748abf350055ac4542d362f38f1778caad2c4bf8"
            },
            {
              "host": "x86_64-apple-darwin",
              "url": "https://github.com/stm32duino/ArduinoModule-CMSIS/releases/download/5.5.1/CMSIS-5.5.1.tar.bz2",
              "archiveFileName": "CMSIS-5.5.1.tar.bz2",
              "size": "24351965",
              "checksum": "SHA-256:3dddbd241986fc7a7861a62c748abf350055ac4542d362f38f1778caad2c4bf8"
            },
            {
              "host": "x86_64-pc-linux-gnu",
              "url": "https://github.com/stm32duino/ArduinoModule-CMSIS/releases/download/5.5.1/CMSIS-5.5.1.tar.bz2",
              "archiveFileName": "CMSIS-5.5.1.tar.bz2",
              "size": "24351965",
              "checksum": "SHA-256:3dddbd241986fc7a7861a62c748abf350055ac4542d362f38f1778caad2c4bf8"
            },
            {
              "host": "i686-pc-linux-gnu",
              "url": "https://github.com/stm32duino/ArduinoModule-CMSIS/releases/download/5.5.1/CMSIS-5.5.1.tar.bz2",
              "archiveFileName": "CMSIS-5.5.1.tar.bz2",
              "size": "24351965",
              "checksum": "SHA-256:3dddbd241986fc7a7861a62c748abf350055ac4542d362f38f1778caad2c4bf8"
            },
            {
              "host": "arm-linux-gnueabihf",
              "url": "https://github.com/stm32duino/ArduinoModule-CMSIS/releases/download/5.5.1/CMSIS-5.5.1.tar.bz2",
              "archiveFileName": "CMSIS-5.5.1.tar.bz2",
              "size": "24351965",
              "checksum": "SHA-256:3dddbd241986fc7a7861a62c748abf350055ac4542d362f38f1778caad2c4bf8"
            },
            {
              "host": "all",
              "url": "https://github.com/stm32duino/ArduinoModule-CMSIS/releases/download/5.5.1/CMSIS-5.5.1.tar.bz2",
              "archiveFileName": "CMSIS-5.5.1.tar.bz2",
              "size": "24351965",
              "checksum": "SHA-256:3dddbd241986fc7a7861a62c748abf350055ac4542d362f38f1778caad2c4bf8"
            }
          ]
        },
        {
          "name": "CMSIS",
          "version": "5.7.0",
          "systems": [
            {
              "host": "i686-mingw32",
              "url": "https://github.com/stm32duino/ArduinoModule-CMSIS/releases/download/5.7.0/CMSIS-5.7.0.tar.bz2",
              "archiveFileName": "CMSIS-5.7.0.tar.bz2",
              "size": "26151901",
              "checksum": "SHA-256:0b04b0f214e483bcc360cda985cddc0de8031714019ceabcda4770d510b82bfe"
            },
            {
              "host": "x86_64-apple-darwin",
              "url": "https://github.com/stm32duino/ArduinoModule-CMSIS/releases/download/5.7.0/CMSIS-5.7.0.tar.bz2",
              "archiveFileName": "CMSIS-5.7.0.tar.bz2",
              "size": "26151901",
              "checksum": "SHA-256:0b04b0f214e483bcc360cda985cddc0de8031714019ceabcda4770d510b82bfe"
            },
            {
              "host": "x86_64-pc-linux-gnu",
              "url": "https://github.com/stm32duino/ArduinoModule-CMSIS/releases/download/5.7.0/CMSIS-5.7.0.tar.bz2",
              "archiveFileName": "CMSIS-5.7.0.tar.bz2",
              "size": "26151901",
              "checksum": "SHA-256:0b04b0f214e483bcc360cda985cddc0de8031714019ceabcda4770d510b82bfe"
            },
            {
              "host": "i686-pc-linux-gnu",
              "url": "https://github.com/stm32duino/ArduinoModule-CMSIS/releases/download/5.7.0/CMSIS-5.7.0.tar.bz2",
              "archiveFileName": "CMSIS-5.7.0.tar.bz2",
              "size": "26151901",
              "checksum": "SHA-256:0b04b0f214e483bcc360cda985cddc0de8031714019ceabcda4770d510b82bfe"
            },
            {
              "host": "arm-linux-gnueabihf",
              "url": "https://github.com/stm32duino/ArduinoModule-CMSIS/releases/download/5.7.0/CMSIS-5.7.0.tar.bz2",
              "archiveFileName": "CMSIS-5.7.0.tar.bz2",
              "size": "26151901",
              "checksum": "SHA-256:0b04b0f214e483bcc360cda985cddc0de8031714019ceabcda4770d510b82bfe"
            },
            {
              "host": "all",
              "url": "https://github.com/stm32duino/ArduinoModule-CMSIS/releases/download/5.7.0/CMSIS-5.7.0.tar.bz2",
              "archiveFileName": "CMSIS-5.7.0.tar.bz2",
              "size": "26151901",
              "checksum": "SHA-256:0b04b0f214e483bcc360cda985cddc0de8031714019ceabcda4770d510b82bfe"
            }
          ]
        }
      ],
      "help": {
        "online": "http://SparkFun.com"
      }
    }
  ],
  "IsTrusted": false
}
